Index,TxHash,SenderId,SenderPublicKey,SenderSecretKey,ReceiverId,ReceiverPublicKey,AmountXLM,Memo,Status,ExplorerUrl,Timestamp
1,c8159594db3ae47a57b79f78ef52d0ff65448c6eac904482124ca9cf975b3b75,1,GBJFAJCMAOLYN2ODRRDAJLTFTOND2TQD7RRVNZYRYOYIDX5QMN2FRPIB,SAZGWDUXS34QHYHHWH6PURVJB43UOH6HZCKHCKCXTSKWAUMU6YWOKIIG,2,GDWNGPMUAV2L4DK7V3G3BIKHOL2DPPFM3EDW43V2SGTIZRL4QTYVWNEG,2,"RISEIN-1-TO-2-653879",SUCCESS,https://stellar.expert/explorer/testnet/tx/c8159594db3ae47a57b79f78ef52d0ff65448c6eac904482124ca9cf975b3b75,2026-08-31T05:04:17.463Z
2,757ea90948c296fdfe612dbe04602ae5c99d567e34d63cd5a53dffe599b98ff9,2,GDWNGPMUAV2L4DK7V3G3BIKHOL2DPPFM3EDW43V2SGTIZRL4QTYVWNEG,SCYTYQV3BWQABXKIHN2CDZ4PYLNUZLLLJ4QK4NMHPZGSRZMU2PMZ62WK,3,GBAYGYQO3CBT4GBXZE6P2WM5YTXIONSCFOF4X4B4NQEQ2L2OCB6APFIV,18,"RISEIN-2-TO-3-658081",SUCCESS,https://stellar.expert/explorer/testnet/tx/757ea90948c296fdfe612dbe04602ae5c99d567e34d63cd5a53dffe599b98ff9,2026-08-31T05:04:28.157Z
3,311c3d35186271c93cdecdfead24e815fa4acb89d4e433f5e7deea896bde8b16,3,GBAYGYQO3CBT4GBXZE6P2WM5YTXIONSCFOF4X4B4NQEQ2L2OCB6APFIV,SAUPDQ4RMELN3JIHZPQ7FVLWS5TFQW6SC6S3UXTE37QLX76PXIINDEIS,4,GAMWMMWCTX4W5ASRYMJ72RW3B62QYPIRMD2PNZ7RUZ5FYKRSCD2HDCO7,44,"RISEIN-3-TO-4-668759",SUCCESS,https://stellar.expert/explorer/testnet/tx/311c3d35186271c93cdecdfead24e815fa4acb89d4e433f5e7deea896bde8b16,2026-08-31T05:04:38.149Z
4,7f524070f11003050320813bd7dbf34a6aeed0eca0ace8f6f3487d05d23bec47,4,GAMWMMWCTX4W5ASRYMJ72RW3B62QYPIRMD2PNZ7RUZ5FYKRSCD2HDCO7,SC7YRH4WX65KZ5MC56HEXLHH6WCTNJKEY6ZSVT3FT74IR44QWBJWGHDZ,5,GAKDVNQXY3UBVAOTPFLJ6C3ZRICONHPWKOTXZQLUZAX26QKCEBGTNTNL,3,"RISEIN-4-TO-5-678754",SUCCESS,https://stellar.expert/explorer/testnet/tx/7f524070f11003050320813bd7dbf34a6aeed0eca0ace8f6f3487d05d23bec47,2026-08-31T05:04:48.146Z
5,30cb2bfab35e3297c5e4386ba43070020ca88c707cf0e285e750290392c700a8,5,GAKDVNQXY3UBVAOTPFLJ6C3ZRICONHPWKOTXZQLUZAX26QKCEBGTNTNL,SC2V6YHSF43KBJYJZDWLPIXT6JNACSMKXVFR7GUWSN4AZVV6TFUVTD5X,6,GD64TEKCZDU2V45IKF7G7XEV5TNBYZQ5EYYXOK2MQH2ACT2WYD67PMGH,34,"RISEIN-5-TO-6-688746",SUCCESS,https://stellar.expert/explorer/testnet/tx/30cb2bfab35e3297c5e4386ba43070020ca88c707cf0e285e750290392c700a8,2026-08-31T05:04:57.446Z
6,0175dbe1a3d4e118996659e4001d98cc3ab25f4ed7028c86bf00cf2890d72714,6,GD64TEKCZDU2V45IKF7G7XEV5TNBYZQ5EYYXOK2MQH2ACT2WYD67PMGH,SAYVJE2JC543RO3TKC3IPGABG6ELHHW7PXYDORL3EEBKEGRMB7XPZOFX,7,GDZZBVZHKGPSVFFSIBZ2ILEMMCAGMW656PKDJ2XU3EUYSJ3NNIMPVJGD,41,"RISEIN-6-TO-7-698051",SUCCESS,https://stellar.expert/explorer/testnet/tx/0175dbe1a3d4e118996659e4001d98cc3ab25f4ed7028c86bf00cf2890d72714,2026-08-31T05:05:08.149Z
7,5759bd4f426473eaea1ad12ed7cd36e0088498fe3302591cc5ccaaf27878e6b1,7,GDZZBVZHKGPSVFFSIBZ2ILEMMCAGMW656PKDJ2XU3EUYSJ3NNIMPVJGD,SDVDUTLPPN26EQSUJVJLK3LP2EMZZNTZZP3ZQPFERJOYJUB4TBV7AIVM,8,GB2HF7QUYYU2TQ2HT2YPVTCYXCZKBLCOVONVVTU457EDSKGWQD6FLJSL,25,"RISEIN-7-TO-8-708755",SUCCESS,https://stellar.expert/explorer/testnet/tx/5759bd4f426473eaea1ad12ed7cd36e0088498fe3302591cc5ccaaf27878e6b1,2026-08-31T05:05:17.439Z
8,d3fe55e4fb7a7c788c90f414b3d8156a14bdf7899b52b6a337fac8d477db5f2c,8,GB2HF7QUYYU2TQ2HT2YPVTCYXCZKBLCOVONVVTU457EDSKGWQD6FLJSL,SD77ZCZFBAFVXCJ4PCPDFJROHEYTMOWZUTTMCDXWHT5KZRNROZUR7B4G,9,GCAWQZLHEKTFEKXBZHOK3BZBRY3C4PLO6WHYBML2EK7BHCIVTN7SLX3S,18,"RISEIN-8-TO-9-718049",SUCCESS,https://stellar.expert/explorer/testnet/tx/d3fe55e4fb7a7c788c90f414b3d8156a14bdf7899b52b6a337fac8d477db5f2c,2026-08-31T05:05:28.148Z
9,3efb7b90f205b8b0eb8a3b065c67425e5d17581323890f68af978c7adbf43c88,9,GCAWQZLHEKTFEKXBZHOK3BZBRY3C4PLO6WHYBML2EK7BHCIVTN7SLX3S,SAILZ3QMHRRQQ3JZTCNKXICJCHJFJ24CCYUL552GCBS6RLJVKBY5G5OQ,10,GCB7MIKEOGPTEMHGR3SUQTQTNGOH2HTCAFGMAPKKNF2OQUPMS34RPBFA,33,"RISEIN-9-TO-10-728764",SUCCESS,https://stellar.expert/explorer/testnet/tx/3efb7b90f205b8b0eb8a3b065c67425e5d17581323890f68af978c7adbf43c88,2026-08-31T05:05:37.444Z
10,3ece610ef28f5c8ea2e544c088cd88cd39219e9f17592bb68d41e86217cd6b73,10,GCB7MIKEOGPTEMHGR3SUQTQTNGOH2HTCAFGMAPKKNF2OQUPMS34RPBFA,SDGSFY7SOJKD5INNAIEB2CLXOC4ZLZVDX7ZB2DMKTC2VXB22JAEYVZCO,11,GB4HQRXARVRL3KHHZSGQS2HAZQAKICUPVR4P76LT5LDKDDOVSPU4AMRZ,37,"RISEIN-10-TO-11-738053",SUCCESS,https://stellar.expert/explorer/testnet/tx/3ece610ef28f5c8ea2e544c088cd88cd39219e9f17592bb68d41e86217cd6b73,2026-08-31T05:05:48.154Z
11,8f73993368f78870a9c606441b9f80240bd4110c72e558009b81ab30cf57a913,11,GB4HQRXARVRL3KHHZSGQS2HAZQAKICUPVR4P76LT5LDKDDOVSPU4AMRZ,SBOEDRJQF2EDC2S25R5YC2QOTEUEGUFJDFDHQ3T2JNLKUW6JZSDLXE6U,12,GBTTK6HYYBUOZHZRFGH6B3YF3Q2J2IJCSCYMIKXMSPBGHGIL52EE3E5X,17,"RISEIN-11-TO-12-748760",SUCCESS,https://stellar.expert/explorer/testnet/tx/8f73993368f78870a9c606441b9f80240bd4110c72e558009b81ab30cf57a913,2026-08-31T05:05:57.450Z
12,aa26f5c6667461f660bf81a35fe339cce8f4551c57458ced9756f0eb483e6254,12,GBTTK6HYYBUOZHZRFGH6B3YF3Q2J2IJCSCYMIKXMSPBGHGIL52EE3E5X,SCGORGNDNNKYT4G7IOEBTNIZUSL7ITUXA5FF7L5YY7SO5LMBKZ7SHIKK,13,GAE7S2D66A7D6J7AXYMOBQHVPBYMB53KGALJEIFCAAX4HPY3LZKKU3TO,46,"RISEIN-12-TO-13-758060",SUCCESS,https://stellar.expert/explorer/testnet/tx/aa26f5c6667461f660bf81a35fe339cce8f4551c57458ced9756f0eb483e6254,2026-08-31T05:06:08.160Z
13,b59e27cf96a31c0c019e5501af4a8398acd319f14df0db8096612ef76ca4b82f,13,GAE7S2D66A7D6J7AXYMOBQHVPBYMB53KGALJEIFCAAX4HPY3LZKKU3TO,SC6EFQCCVG5BP6LZTZH4XRTKDG4BZUCW2GR7MEOKDDKZJYV7QMZDFZ3T,14,GBGFXCLD3LW4VFXYYH4CAF23QRPCBJLJ3RWVUJCXKV7HBYEOT4KZWAIT,35,"RISEIN-13-TO-14-768765",SUCCESS,https://stellar.expert/explorer/testnet/tx/b59e27cf96a31c0c019e5501af4a8398acd319f14df0db8096612ef76ca4b82f,2026-08-31T05:06:18.159Z
14,40cb57c64d6dbb044d6b57a5efacc78387941d9b9a4b3bf54e9b9b663a77b48c,14,GBGFXCLD3LW4VFXYYH4CAF23QRPCBJLJ3RWVUJCXKV7HBYEOT4KZWAIT,SAY6HHLQEIXTYTLFCWI2ZQELVFXSS7I3UZPN5H4DTHU5C44E2UYDIRCT,15,GCTE724WGFJHUBJUFJJ544GM5PCJ52ACH3KHTLFKNOJCV6QP2FH6RVNT,3,"RISEIN-14-TO-15-778767",SUCCESS,https://stellar.expert/explorer/testnet/tx/40cb57c64d6dbb044d6b57a5efacc78387941d9b9a4b3bf54e9b9b663a77b48c,2026-08-31T05:06:27.451Z
15,626499eae2b67bc765ee308317c2258d3b5ff1698f6af1cc791e35229b7117f7,15,GCTE724WGFJHUBJUFJJ544GM5PCJ52ACH3KHTLFKNOJCV6QP2FH6RVNT,SDZC7RZGM4IEGPSAIR5NXBFJXZMGP6MJPIEUW552PK4IBHO4RJF4ZSR4,16,GBHB2BJ7VWJFC364CXDPTTPLXRMT7OVR3LUUQDX3Y77SF6GYRJNPGH4W,50,"RISEIN-15-TO-16-788058",SUCCESS,https://stellar.expert/explorer/testnet/tx/626499eae2b67bc765ee308317c2258d3b5ff1698f6af1cc791e35229b7117f7,2026-08-31T05:06:38.161Z
16,80611da130132dfa9e5bb72fbe5a2278d1a8c56f3474ab5bed6ab73f60c04147,16,GBHB2BJ7VWJFC364CXDPTTPLXRMT7OVR3LUUQDX3Y77SF6GYRJNPGH4W,SCBBS6UC6QX5QGHORU2PT6OUTHEVBX5S7BXUKC33RZKW7KO4TCTVRWVF,17,GAGIMRHYLDTPU5VVQL4UJBAVWOGCHQRUZZVJJE2LQULK6UYS2QQR64G3,45,"RISEIN-16-TO-17-798772",SUCCESS,https://stellar.expert/explorer/testnet/tx/80611da130132dfa9e5bb72fbe5a2278d1a8c56f3474ab5bed6ab73f60c04147,2026-08-31T05:06:47.442Z
17,42b1338a76b007a4739867740569fbbd21868dbbbb8b9bfcb9cdbe43be2b79a5,17,GAGIMRHYLDTPU5VVQL4UJBAVWOGCHQRUZZVJJE2LQULK6UYS2QQR64G3,SDHMWUUJOHOHILCAY65KZB2EAS3J7YDDAXUVIHQ3FUOUESV7Y3QSPDLU,18,GA7ZFBOBE5K4K3D4JWBKMWOOCCPG6X5WC2KAN6HTQJISXE6GN3TVEJSJ,20,"RISEIN-17-TO-18-808051",SUCCESS,https://stellar.expert/explorer/testnet/tx/42b1338a76b007a4739867740569fbbd21868dbbbb8b9bfcb9cdbe43be2b79a5,2026-08-31T05:06:58.173Z
18,f4a56c3a7cb211f8f4ac3b5ddfe31d3400ac1d0db8e33bd5cea615a49d57a82e,18,GA7ZFBOBE5K4K3D4JWBKMWOOCCPG6X5WC2KAN6HTQJISXE6GN3TVEJSJ,SBMXKW7KH4AQIEPAPTBKZ5XLISDBFKLPF6DKGU5HLLH2VQBKU5OOSEMU,19,GBUGVH5ACIMYGSAJEJ7WISRBMIBQHWTD6B7VRFTGXJ62WRJRB67CRSN6,35,"RISEIN-18-TO-19-818779",SUCCESS,https://stellar.expert/explorer/testnet/tx/f4a56c3a7cb211f8f4ac3b5ddfe31d3400ac1d0db8e33bd5cea615a49d57a82e,2026-08-31T05:07:07.446Z
19,13c4a0ffd77b8bd5f10d42f86b458ffebc40fd7650522a0151af43551bc502fa,19,GBUGVH5ACIMYGSAJEJ7WISRBMIBQHWTD6B7VRFTGXJ62WRJRB67CRSN6,SB5FPTIMCWMFCG3CFJZBDBGXXZFXZTI5JO2E5WZLQ7TEA4VXG7O7MATX,20,GCUVSAU3CPCHUSCNDRKAZVYV5TTEQCWUUHFLTLLH2EWHTTFETASRNW4L,32,"RISEIN-19-TO-20-828052",SUCCESS,https://stellar.expert/explorer/testnet/tx/13c4a0ffd77b8bd5f10d42f86b458ffebc40fd7650522a0151af43551bc502fa,2026-08-31T05:07:17.445Z
20,56522a2de8b2db7b1f89a2842ebc49b6c70108e41b19fc294dbb116c59f5c0a1,20,GCUVSAU3CPCHUSCNDRKAZVYV5TTEQCWUUHFLTLLH2EWHTTFETASRNW4L,SAQ4TFOBYPRZHHTKLLMZ4HJEUIYJ22QXTEFEGFXMTGRMPVDMLW5NDZWE,21,GDXCY5ARLFD4P3W6CA3CG5N7O2RD55G66EUZFFCXAU5HRAEUGUKUHSTI,38,"RISEIN-20-TO-21-838046",SUCCESS,https://stellar.expert/explorer/testnet/tx/56522a2de8b2db7b1f89a2842ebc49b6c70108e41b19fc294dbb116c59f5c0a1,2026-08-31T05:07:28.154Z
21,e53912da5ca73f913077b4b6b8cac423f6ee290f436a5d9d311182c419265063,21,GDXCY5ARLFD4P3W6CA3CG5N7O2RD55G66EUZFFCXAU5HRAEUGUKUHSTI,SBHA6RZERCZKZWICYCZAZHOWIPLO6N5GV45GMTKOGIAIIOSUXUDWFXRW,22,GDIUFQXUX22ZVMJGUV5AEZRIHWRC6QYY3NY4GX5V3CTYG4CLNZGSU2QF,42,"RISEIN-21-TO-22-848758",SUCCESS,https://stellar.expert/explorer/testnet/tx/e53912da5ca73f913077b4b6b8cac423f6ee290f436a5d9d311182c419265063,2026-08-31T05:07:38.154Z
22,312858b2928907087b2d720ff772eccd9ff4be7adc5b1cc5454c46214facbbd6,22,GDIUFQXUX22ZVMJGUV5AEZRIHWRC6QYY3NY4GX5V3CTYG4CLNZGSU2QF,SBNU32ZID2CE2IAF3CFW3VLQMYUXAKB7Y6ZNVHQPQRKVMWDLQS3BCHVW,23,GBEF2OUBAFI6ILI5BEVAHE2IAV67FQ6XD4AYBS3Z5WBNGXILOCWD4QQH,10,"RISEIN-22-TO-23-858761",SUCCESS,https://stellar.expert/explorer/testnet/tx/312858b2928907087b2d720ff772eccd9ff4be7adc5b1cc5454c46214facbbd6,2026-08-31T05:07:48.156Z
23,0e23b14f7af0456374068c29d0d6237beea383f520f256118b834fb105c49177,23,GBEF2OUBAFI6ILI5BEVAHE2IAV67FQ6XD4AYBS3Z5WBNGXILOCWD4QQH,SBS75C6V67ZRBN2BTNTAMX46AAG3IMJ6ACRCAPJXSG424IPDHPRVOGYR,24,GCYX2F7AYSTOOJKQNKZXTXMTR2FA25NGTITIFC5FEPEZR2Z7KMDLSRDU,12,"RISEIN-23-TO-24-868763",SUCCESS,https://stellar.expert/explorer/testnet/tx/0e23b14f7af0456374068c29d0d6237beea383f520f256118b834fb105c49177,2026-08-31T05:07:57.447Z
24,f1f723e02ed90026cfa5058e9cd6cbb24538b2c88ef41eab63746ba117a5d483,24,GCYX2F7AYSTOOJKQNKZXTXMTR2FA25NGTITIFC5FEPEZR2Z7KMDLSRDU,SCVIFE2K4ANK2QDIXBZBMGHXL7W2YRT2COMNYX2AJLTUSZ4HSIWRVM6U,25,GB3OPNEMPDXXV476Q5HKVISZ2FG4GR3LM3X6Q6MA6RD5UM724VTQYXQV,33,"RISEIN-24-TO-25-878052",SUCCESS,https://stellar.expert/explorer/testnet/tx/f1f723e02ed90026cfa5058e9cd6cbb24538b2c88ef41eab63746ba117a5d483,2026-08-31T05:08:07.452Z
25,7ad59a850202d3fb9349508c4b857a78b1d1efed4a4c25d81f7eac973a0b19fa,25,GB3OPNEMPDXXV476Q5HKVISZ2FG4GR3LM3X6Q6MA6RD5UM724VTQYXQV,SBODOVYXD4NMZI4WG37WXSSLORRX3FPKKEDVTDOHYYHIAZZ4W4QL7E5F,26,GBZGGKFZWW4OU4OPMNU2IL7X6ZNQIR5O4435G32PIB3W6EAONP5PNNJF,14,"RISEIN-25-TO-26-888058",SUCCESS,https://stellar.expert/explorer/testnet/tx/7ad59a850202d3fb9349508c4b857a78b1d1efed4a4c25d81f7eac973a0b19fa,2026-08-31T05:08:13.158Z
26,64a51df47173eca4e3926e4b7c9aebab7a429b1646412c422f7539fea5c0a207,26,GBZGGKFZWW4OU4OPMNU2IL7X6ZNQIR5O4435G32PIB3W6EAONP5PNNJF,SBL7AI5FFZFFTX5EYEWRCNU3SQO2YYVB43CFBEAYEXRA55U3HEMBD6A3,27,GBORYTQVPT6FRAA4TMUBDXTDBRXIHNYFXTS5PRAGZJ55QCE7UACO25IF,38,"RISEIN-26-TO-27-893764",SUCCESS,https://stellar.expert/explorer/testnet/tx/64a51df47173eca4e3926e4b7c9aebab7a429b1646412c422f7539fea5c0a207,2026-08-31T05:08:17.455Z
27,43cecd554832744da4de7eab88cc117330cfca7364d014aa026ee8a19e5b1d1a,27,GBORYTQVPT6FRAA4TMUBDXTDBRXIHNYFXTS5PRAGZJ55QCE7UACO25IF,SBJZVT3YIFMAGQ62JRDC5X47CKECFT5HQTOAJXHFCU53NC2AJ4V5GCWW,28,GCO6BH3TV527BQOXNGDELTA7QOI3U4R3RTXXRK4PFHNIKU7OTEY5TQZM,2,"RISEIN-27-TO-28-898057",SUCCESS,https://stellar.expert/explorer/testnet/tx/43cecd554832744da4de7eab88cc117330cfca7364d014aa026ee8a19e5b1d1a,2026-08-31T05:08:23.159Z
28,f8907fb3ad025d351a693524a4088d3f5cb583d0ead129c5f5d3fcd200776591,28,GCO6BH3TV527BQOXNGDELTA7QOI3U4R3RTXXRK4PFHNIKU7OTEY5TQZM,SCRFMY4QWK4COV6XSKNNJBWRUXH3MAT5KRXDZX5L52LLC4ZBG37CFBGP,29,GD3QNZJN44KARFI5JHBZU4YUT7BXLRKVAYNVQETCDEE5NW6AFH66DRMC,14,"RISEIN-28-TO-29-903761",SUCCESS,https://stellar.expert/explorer/testnet/tx/f8907fb3ad025d351a693524a4088d3f5cb583d0ead129c5f5d3fcd200776591,2026-08-31T05:08:32.448Z
29,0960bdb234cf35bec08bb6f7d00246494e4199aebf333313f0c75290a90ed96a,29,GD3QNZJN44KARFI5JHBZU4YUT7BXLRKVAYNVQETCDEE5NW6AFH66DRMC,SDQ26COD6I3L2W7FCPIVKV5LDZQUADWICFXDOMNDD3G7GQXS3OBPYAAQ,30,GCIWBUXIMHYF2S343CR2LQYUOHTFJJQDGEJWWMGKAEXBOMEHPDOWGUNW,41,"RISEIN-29-TO-30-913050",SUCCESS,https://stellar.expert/explorer/testnet/tx/0960bdb234cf35bec08bb6f7d00246494e4199aebf333313f0c75290a90ed96a,2026-08-31T05:08:42.444Z
30,d588602b9649d0b0ee35747e76a50df3b2c68c67a8f0e2e6a897cff4818b1389,30,GCIWBUXIMHYF2S343CR2LQYUOHTFJJQDGEJWWMGKAEXBOMEHPDOWGUNW,SB5ZJVTUKOH72I5S4SRB3I76BEVHTK57PBI7AHUOENOQBMZPZDNGGXKF,31,GADGWUGBZKNLAOWYD4NR44EL7UDXDGNEVD7NFXAJPY2JSAQHEY7EHJIB,18,"RISEIN-30-TO-31-923048",SUCCESS,https://stellar.expert/explorer/testnet/tx/d588602b9649d0b0ee35747e76a50df3b2c68c67a8f0e2e6a897cff4818b1389,2026-08-31T05:08:52.447Z
31,f3a0b7aaefb9e738e95c9125498c66f76e818c017cda0951edfc2017050202cf,31,GADGWUGBZKNLAOWYD4NR44EL7UDXDGNEVD7NFXAJPY2JSAQHEY7EHJIB,SCLYHB7TINTVJEIZLP2UNGCNFTEKEGITP6E6XEWO2UHQRONJKPFKW73G,32,GDDCELJ7YQPRNDBDML7NJTVF7J464YSQ3PO5T4SOQ2QQ7RUFTZMCE2QI,44,"RISEIN-31-TO-32-933051",SUCCESS,https://stellar.expert/explorer/testnet/tx/f3a0b7aaefb9e738e95c9125498c66f76e818c017cda0951edfc2017050202cf,2026-08-31T05:09:02.452Z
32,610de9076cb0a319a95ed7aa87b5964ab83d7446bf7ffe3373ff86c6ea7b65fa,32,GDDCELJ7YQPRNDBDML7NJTVF7J464YSQ3PO5T4SOQ2QQ7RUFTZMCE2QI,SBDC7GQPEUURVDX57AZHVKOL7Z6THJV6RYIRYJN74E7ID67MYSXIMQ5Z,33,GATB2ZRPEZEYPHPRMDXSF65CHU6PBRLCU74ROAFRBD24JSMNBQ7XC6BQ,43,"RISEIN-32-TO-33-943053",SUCCESS,https://stellar.expert/explorer/testnet/tx/610de9076cb0a319a95ed7aa87b5964ab83d7446bf7ffe3373ff86c6ea7b65fa,2026-08-31T05:09:12.446Z
33,8d8ed4bac48626a117ffb19a90e74acfd3195276c3f5d8c0d95297e64ed1c895,33,GATB2ZRPEZEYPHPRMDXSF65CHU6PBRLCU74ROAFRBD24JSMNBQ7XC6BQ,SDFRS3N5BSPGJXKPOKYJOTTNVC75LV5HDVAXK3KGRK6RYMABEW4D43RW,34,GA2F3AHNMGF6A6RD54V2LEHVNR5G62Y43VS75CMK4CQLKD32LDVGDYJE,2,"RISEIN-33-TO-34-953055",SUCCESS,https://stellar.expert/explorer/testnet/tx/8d8ed4bac48626a117ffb19a90e74acfd3195276c3f5d8c0d95297e64ed1c895,2026-08-31T05:09:18.150Z
34,04eb740449ef785804541a9e4dadac3d7259858da266631505b173074bdf76da,34,GA2F3AHNMGF6A6RD54V2LEHVNR5G62Y43VS75CMK4CQLKD32LDVGDYJE,SBNTU3G35ABYDHIIPDLIQJZBAITHZ2DY433HFFMD2WE7CEDMWIA5S7RD,35,GDZXJWATQLBEVOSD44AKYH4G5AIC4NDQLUEUOHCJMY7EIQCTAT2LJTWX,25,"RISEIN-34-TO-35-958760",SUCCESS,https://stellar.expert/explorer/testnet/tx/04eb740449ef785804541a9e4dadac3d7259858da266631505b173074bdf76da,2026-08-31T05:09:27.442Z
35,c0ff4fa44c8dc167c227e48f7aafd0a9e99272131c026189b3bc08a9d30a84af,35,GDZXJWATQLBEVOSD44AKYH4G5AIC4NDQLUEUOHCJMY7EIQCTAT2LJTWX,SAM77MB2UCPRDGNMBMRKJBJXSC4324FJY344445MKOZU42DQLRPENDJF,36,GCOURHIBJW3WUC546VF5VCVK2VPOGVF44ML5RV3X63QSRBMDH7RQQJOG,13,"RISEIN-35-TO-36-968050",SUCCESS,https://stellar.expert/explorer/testnet/tx/c0ff4fa44c8dc167c227e48f7aafd0a9e99272131c026189b3bc08a9d30a84af,2026-08-31T05:09:37.443Z
36,31dee6c855c189ffa5b22ccdd5235b9f7cab2e421418a4dbfa204937a5fa4763,36,GCOURHIBJW3WUC546VF5VCVK2VPOGVF44ML5RV3X63QSRBMDH7RQQJOG,SCALRCJ4EBHXERMDAUOFMHRJFD5XHE4P6ENL6PPYWLC3EMZE76LVUKXE,37,GC4ZK634OQGG2KU4D6VFBTLBIPLSDQXPCDQ6UO2V633A2RH3ZMN6FF2Y,1,"RISEIN-36-TO-37-978054",SUCCESS,https://stellar.expert/explorer/testnet/tx/31dee6c855c189ffa5b22ccdd5235b9f7cab2e421418a4dbfa204937a5fa4763,2026-08-31T05:09:47.438Z
37,d3c621648b6b5bfbcda78f8388957398044672b3f671a6685f26c559eba1b372,37,GC4ZK634OQGG2KU4D6VFBTLBIPLSDQXPCDQ6UO2V633A2RH3ZMN6FF2Y,SCAPS2OCT4EFILK52ZRHN3FFAWECOIYF5OBODMWWHKR2LDHL5W7HZJCB,38,GD7VSMQHMF3YF55PGYRSBRRN5P65XM5LYQSW42TVTJNXPOMSMISSK6DV,43,"RISEIN-37-TO-38-988040",SUCCESS,https://stellar.expert/explorer/testnet/tx/d3c621648b6b5bfbcda78f8388957398044672b3f671a6685f26c559eba1b372,2026-08-31T05:09:58.148Z
38,b6640f9964944394970e0577f3ab9dc0fc440a756259ab04da0a1d1f442d94ed,38,GD7VSMQHMF3YF55PGYRSBRRN5P65XM5LYQSW42TVTJNXPOMSMISSK6DV,SDLVFJIAFJI74SDJOCGGEVX7W6V3EUY3AFZRYVRWNOEODUY436FCPRUV,39,GAJLODIG3J4CB5AJKWLAS6HO4J74AUPIADBY5WUD32KFNVUXTMMFCDDE,8,"RISEIN-38-TO-39-998763",SUCCESS,https://stellar.expert/explorer/testnet/tx/b6640f9964944394970e0577f3ab9dc0fc440a756259ab04da0a1d1f442d94ed,2026-08-31T05:10:08.147Z
39,2adf8ba0be50ea6992556f71ebc3e9986f5688e20ef53228328048e297ac7fe3,39,GAJLODIG3J4CB5AJKWLAS6HO4J74AUPIADBY5WUD32KFNVUXTMMFCDDE,SCHXJ3C2HSUM4HDEIPK33LGBG2RIAQOCSZXENGPAUAW7AONPHA3R7VLI,40,GBZLZHKOJETM7LJH7CP5T66FXEOCPHBD6OPXFHSQTRNWO4ZAI7GE5XBS,24,"RISEIN-39-TO-40-008749",SUCCESS,https://stellar.expert/explorer/testnet/tx/2adf8ba0be50ea6992556f71ebc3e9986f5688e20ef53228328048e297ac7fe3,2026-08-31T05:10:17.441Z
40,3f918376921cf6dce3872c2ce022aa5a5cea4c4d6cecf209eafb9c3681f5c56f,40,GBZLZHKOJETM7LJH7CP5T66FXEOCPHBD6OPXFHSQTRNWO4ZAI7GE5XBS,SBV45N7RSVGYEWXYIIQHD2624AXB2N475W2M6D4FTAAB5KXLEDWSSQ52,41,GDB7TVYPP6IFDH3QD3RXFNRN254LAT6DS7G7TUTZ42INTQBNFFHHX6VE,33,"RISEIN-40-TO-41-018055",SUCCESS,https://stellar.expert/explorer/testnet/tx/3f918376921cf6dce3872c2ce022aa5a5cea4c4d6cecf209eafb9c3681f5c56f,2026-08-31T05:10:27.448Z
41,394099b9c98bf57fe0c7e1061602b49aa6cfaf09ff1546589e882e6f4463bd13,41,GDB7TVYPP6IFDH3QD3RXFNRN254LAT6DS7G7TUTZ42INTQBNFFHHX6VE,SDQMREVP4FOHE44XLSQGR7J4BO7QGBAP5Z7V7PCU4H2IKQMRDA55GF24,42,GDJXKBGDLATDFRDM22U6DO67OJYFL6YOJWP353XVG6HVSW2AEH5HOCCR,4,"RISEIN-41-TO-42-028054",SUCCESS,https://stellar.expert/explorer/testnet/tx/394099b9c98bf57fe0c7e1061602b49aa6cfaf09ff1546589e882e6f4463bd13,2026-08-31T05:10:38.150Z
42,2c61a5fbb107b1609ec06f7891fb65e150b32d449385d7424757baac0e78b4c6,42,GDJXKBGDLATDFRDM22U6DO67OJYFL6YOJWP353XVG6HVSW2AEH5HOCCR,SCLGZGKUVDZJE4B66ZRCTMOPVNSXDI3TGSTOXFMVU4TNSOQFX4RVFUHH,43,GDW7FG7PLTNT4KX2NIRALEFJOXWHCYYPDXZU6K2JSD6U5GOD5NPRMX2J,40,"RISEIN-42-TO-43-038752",SUCCESS,https://stellar.expert/explorer/testnet/tx/2c61a5fbb107b1609ec06f7891fb65e150b32d449385d7424757baac0e78b4c6,2026-08-31T05:10:47.458Z
43,779f4b5d8404c795d415f2cf1c20fa362da8f630d31230fa33a5c818e881b8c4,43,GDW7FG7PLTNT4KX2NIRALEFJOXWHCYYPDXZU6K2JSD6U5GOD5NPRMX2J,SD4MUKAVQ2IFSPN5EIY2SVQU3MELOPS723RNAHH7KQKQPBH5KECPZ6BA,44,GCOJU77W4CMNFILOA62DJPGWKVHLNZPGIHGMTA6SNPGPPG3W2BETU3QY,12,"RISEIN-43-TO-44-048061",SUCCESS,https://stellar.expert/explorer/testnet/tx/779f4b5d8404c795d415f2cf1c20fa362da8f630d31230fa33a5c818e881b8c4,2026-08-31T05:10:57.459Z
44,f46754ad2446bcbfac8bc02d64e03d86b54aad8c4fc7a8ce35c0f095b48581d7,44,GCOJU77W4CMNFILOA62DJPGWKVHLNZPGIHGMTA6SNPGPPG3W2BETU3QY,SC2HBPZOUA6DESTL6WYWPWMSG2RCJ6JC6K5E6NPINTODYDUU3P5LABCF,45,GAQU5KZ27JTKW73FTKZ3UWOZWRGVUFTKDVHNV5QNWZNSVFWZI6F7TXHV,15,"RISEIN-44-TO-45-058067",SUCCESS,https://stellar.expert/explorer/testnet/tx/f46754ad2446bcbfac8bc02d64e03d86b54aad8c4fc7a8ce35c0f095b48581d7,2026-08-31T05:11:07.456Z
45,c8769cf796981189f0685027c51e3fb2bccfc070d2547cb749085904e8ecd451,45,GAQU5KZ27JTKW73FTKZ3UWOZWRGVUFTKDVHNV5QNWZNSVFWZI6F7TXHV,SB2Y7EIYNJSLZAOYXMDFRINKVCGOWRRSWWUFJ3PS4DDBZFSYVNTE4V36,46,GDOTOBGDNVXBHWKWLKERML537GZ4LUUO7TR7BCH36NI7EQJUPM5OIB7N,43,"RISEIN-45-TO-46-068066",SUCCESS,https://stellar.expert/explorer/testnet/tx/c8769cf796981189f0685027c51e3fb2bccfc070d2547cb749085904e8ecd451,2026-08-31T05:11:18.164Z
46,6c711643064e01a2e1e73c7285296422a09f24239d497f212cdf1b5292673af6,46,GDOTOBGDNVXBHWKWLKERML537GZ4LUUO7TR7BCH36NI7EQJUPM5OIB7N,SBLFXBZH6JKYXGGITQFTAR2WUX43NANGEFWPXTX7YOFLVBGIQMSHIE4A,47,GBN4YEGAWD52P6E5IOFMJCTNSANK6GCQMYUGGF7AO2TNFFCM2KBN2YE6,6,"RISEIN-46-TO-47-078775",SUCCESS,https://stellar.expert/explorer/testnet/tx/6c711643064e01a2e1e73c7285296422a09f24239d497f212cdf1b5292673af6,2026-08-31T05:11:28.174Z
47,e7a03f45e2a6c5f77dcb3d7dbded65192110786b4899725ae44f75394ba26ecf,47,GBN4YEGAWD52P6E5IOFMJCTNSANK6GCQMYUGGF7AO2TNFFCM2KBN2YE6,SDC57LT4VC57ZRV53C5MGVJD7AUENEOUO5G23VI5P5XZ627D7VCTYSEZ,48,GAS37UKNPIBD6MXMSF5VUUZC3ZYHXCH4TYVBMDRNNWOYJXI3VYEWYHG5,41,"RISEIN-47-TO-48-088783",SUCCESS,https://stellar.expert/explorer/testnet/tx/e7a03f45e2a6c5f77dcb3d7dbded65192110786b4899725ae44f75394ba26ecf,2026-08-31T05:11:38.162Z
48,a6b56dd10f7a18dd1937d2038dca0a61a453f9cfde58019d8f9959295fc024b3,48,GAS37UKNPIBD6MXMSF5VUUZC3ZYHXCH4TYVBMDRNNWOYJXI3VYEWYHG5,SBXZB2UP5IKEZVCMC6UWCJISNBEU2YZKBEFOYG5ICAGGLEJXHQRED5NV,49,GBWCGDX6JK2CUYS66QBYUIR5ZMIQEZV46CQFW3FE6DT6W5BHF7C2U5JG,49,"RISEIN-48-TO-49-098767",SUCCESS,https://stellar.expert/explorer/testnet/tx/a6b56dd10f7a18dd1937d2038dca0a61a453f9cfde58019d8f9959295fc024b3,2026-08-31T05:11:47.464Z
49,0a70d49c6279f0decc677943273b8f4b2236e14471052ed9b1922551a4bc8628,49,GBWCGDX6JK2CUYS66QBYUIR5ZMIQEZV46CQFW3FE6DT6W5BHF7C2U5JG,SC2HQUEGP3KD6HCXOJ4J76O7UHFLGZTEXFORGPAC2RCXEMPEPDRSU6PB,50,GCQSV44JWBUVXKJQFYNETSB567J57MHUS3C6ZDHAU5XACVOWA2DEC2FZ,47,"RISEIN-49-TO-50-108067",SUCCESS,https://stellar.expert/explorer/testnet/tx/0a70d49c6279f0decc677943273b8f4b2236e14471052ed9b1922551a4bc8628,2026-08-31T05:11:58.165Z
50,7905968761857197de6829215d9d3ad240d86d9281b72d26a044073ebffccc45,50,GCQSV44JWBUVXKJQFYNETSB567J57MHUS3C6ZDHAU5XACVOWA2DEC2FZ,SDQ3OQSCQVXT42ZXL4IPJRTDHJMIT7SJICHOKFZQW5QNHGDSHN2PCXE4,51,GDRIDNZNE2H24ARCRIEKQDVJX42P4T6BTD54LJP5FLY5RR7AMOXR7Q7F,11,"RISEIN-50-TO-51-118768",SUCCESS,https://stellar.expert/explorer/testnet/tx/7905968761857197de6829215d9d3ad240d86d9281b72d26a044073ebffccc45,2026-08-31T05:12:08.168Z
51,3ca15f9c38fa12a712134de5b13e5f7a86e5ebf649baede0da7bdc48c12625cd,51,GDRIDNZNE2H24ARCRIEKQDVJX42P4T6BTD54LJP5FLY5RR7AMOXR7Q7F,SCPRZXU5PUM2ICQIFRTRZINBTQ4LMQ7SYNFR534PV4OGK4SZ74ZJEIHQ,52,GDLQUCCZIB4H4SHW7DTDQCRB5X5ZYXXQGWKMWWOOTKOF2U6R5O37W4KC,29,"RISEIN-51-TO-52-128782",SUCCESS,https://stellar.expert/explorer/testnet/tx/3ca15f9c38fa12a712134de5b13e5f7a86e5ebf649baede0da7bdc48c12625cd,2026-08-31T05:12:17.458Z
52,b7221f913f3b875092638b65d231ec9bc931e6ecbb1d4553347a71d1be5d0969,52,GDLQUCCZIB4H4SHW7DTDQCRB5X5ZYXXQGWKMWWOOTKOF2U6R5O37W4KC,SBWQR52DUHY65M5XFMKVRN72BCAKF5MSPFSL2FF7MBG7ZRQUWKKHZJJH,1,GBJFAJCMAOLYN2ODRRDAJLTFTOND2TQD7RRVNZYRYOYIDX5QMN2FRPIB,25,"RISEIN-52-TO-1-138066",SUCCESS,https://stellar.expert/explorer/testnet/tx/b7221f913f3b875092638b65d231ec9bc931e6ecbb1d4553347a71d1be5d0969,2026-08-31T05:12:27.462Z